image id,repeat id,density score,compatibility score,recovery score,total score,Q,depth
0,0,93.725,99.690,0.000,48.652,50,5
1,0,94.102,99.848,0.000,48.775,50,5
2,0,94.164,99.827,0.000,48.781,50,5
3,0,92.578,99.847,0.000,48.470,50,5
4,0,92.889,99.868,0.000,48.538,50,5
5,0,92.459,99.832,0.000,48.441,50,5
6,0,93.081,99.841,0.000,48.568,50,5
7,0,93.599,99.792,0.000,48.658,50,5
8,0,93.899,99.844,0.000,48.733,50,5
9,0,93.724,99.753,0.000,48.671,50,5
0,0,89.961,99.690,31.996,63.897,50,8
1,0,90.563,99.848,0.630,48.382,50,8
2,0,90.662,99.827,6.775,51.468,50,8
3,0,88.124,99.847,0.000,47.579,50,8
4,0,88.622,99.868,0.000,47.685,50,8
5,0,87.935,99.832,0.000,47.536,50,8
6,0,88.929,99.841,0.000,47.738,50,8
7,0,89.759,99.792,0.878,48.328,50,8
8,0,90.239,99.844,6.101,51.051,50,8
9,0,89.958,99.753,21.205,58.520,50,8
0,0,86.196,99.690,58.019,76.156,50,11
1,0,87.024,99.848,36.226,65.472,50,11
2,0,87.160,99.827,40.663,67.712,50,11
3,0,83.671,99.847,51.390,72.383,50,11
4,0,84.355,99.868,56.069,74.866,50,11
5,0,83.410,99.832,53.591,73.427,50,11
6,0,84.777,99.841,48.473,71.144,50,11
7,0,85.919,99.792,40.998,67.620,50,11
8,0,86.578,99.844,39.608,67.073,50,11
9,0,86.193,99.753,52.552,73.440,50,11
0,0,82.431,99.690,65.173,78.980,50,14
1,0,83.485,99.848,46.442,69.872,50,14
2,0,83.659,99.827,50.412,71.886,50,14
3,0,79.217,99.847,71.530,81.563,50,14
4,0,80.088,99.868,78.764,85.360,50,14
5,0,78.885,99.832,76.960,84.206,50,14
6,0,80.626,99.841,69.933,81.044,50,14
7,0,82.079,99.792,52.913,72.810,50,14
8,0,82.918,99.844,50.088,71.581,50,14
9,0,82.427,99.753,60.989,76.906,50,14
0,0,78.666,99.690,67.054,79.167,50,17
1,0,79.946,99.848,49.065,70.476,50,17
2,0,80.157,99.827,52.849,72.404,50,17
3,0,74.764,99.847,76.955,83.384,50,17
4,0,75.821,99.868,85.192,87.721,50,17
5,0,74.361,99.832,83.995,86.819,50,17
6,0,76.474,99.841,76.069,83.282,50,17
7,0,78.238,99.792,55.935,73.553,50,17
8,0,79.257,99.844,52.707,72.158,50,17
9,0,78.662,99.753,63.219,77.268,50,17
0,0,74.901,99.690,67.652,78.713,50,20
1,0,76.407,99.848,49.970,70.221,50,20
2,0,76.655,99.827,53.716,72.137,50,20
3,0,70.310,99.847,78.515,83.274,50,20
4,0,71.554,99.868,86.993,87.768,50,20
5,0,69.836,99.832,85.938,86.886,50,20
6,0,72.322,99.841,77.650,83.242,50,20
7,0,74.398,99.792,56.885,73.260,50,20
8,0,75.597,99.844,53.469,71.807,50,20
9,0,74.896,99.753,64.067,76.939,50,20
0,0,93.466,99.645,0.000,48.587,55,5
1,0,93.514,99.647,0.000,48.597,55,5
2,0,93.621,99.643,0.000,48.617,55,5
3,0,91.795,99.665,0.000,48.259,55,5
4,0,92.107,99.666,0.000,48.321,55,5
5,0,91.641,99.686,0.000,48.234,55,5
6,0,92.275,99.687,0.000,48.361,55,5
7,0,93.034,99.667,0.000,48.507,55,5
8,0,93.297,99.646,0.000,48.553,55,5
9,0,93.326,99.644,0.000,48.558,55,5
0,0,89.545,99.645,27.140,61.373,55,8
1,0,89.622,99.647,5.436,50.537,55,8
2,0,89.794,99.643,13.519,54.611,55,8
3,0,86.872,99.665,5.522,50.035,55,8
4,0,87.371,99.666,3.596,49.172,55,8
5,0,86.625,99.686,0.000,47.231,55,8
6,0,87.640,99.687,0.000,47.434,55,8
7,0,88.854,99.667,10.175,52.759,55,8
8,0,89.276,99.646,6.740,51.119,55,8
9,0,89.321,99.644,19.189,57.352,55,8
0,0,85.625,99.645,54.939,74.488,55,11
1,0,85.731,99.647,38.093,66.087,55,11
2,0,85.967,99.643,43.987,69.080,55,11
3,0,81.949,99.665,59.531,76.055,55,11
4,0,82.635,99.666,67.532,80.193,55,11
5,0,81.609,99.686,62.644,77.550,55,11
6,0,83.006,99.687,59.462,76.238,55,11
7,0,84.675,99.667,44.955,69.313,55,11
8,0,85.254,99.646,37.195,65.542,55,11
9,0,85.316,99.644,48.953,71.433,55,11
0,0,81.705,99.645,62.483,77.476,55,14
1,0,81.839,99.647,46.425,69.474,55,14
2,0,82.140,99.643,52.274,72.458,55,14
3,0,77.026,99.665,74.368,82.489,55,14
4,0,77.900,99.666,84.795,87.877,55,14
5,0,76.594,99.686,81.690,86.070,55,14
6,0,78.371,99.687,77.373,84.267,55,14
7,0,80.495,99.667,53.956,72.977,55,14
8,0,81.232,99.646,45.575,68.928,55,14
9,0,81.312,99.644,56.740,74.525,55,14
0,0,77.784,99.645,64.284,77.592,55,17
1,0,77.948,99.647,48.653,69.810,55,17
2,0,78.313,99.643,54.295,72.703,55,17
3,0,72.103,99.665,79.053,83.847,55,17
4,0,73.164,99.666,90.056,89.560,55,17
5,0,71.578,99.686,87.366,87.904,55,17
6,0,73.736,99.687,82.573,85.940,55,17
7,0,76.316,99.667,56.774,73.550,55,17
8,0,77.211,99.646,47.830,69.251,55,17
9,0,77.307,99.644,58.850,74.780,55,17
0,0,73.864,99.645,64.748,77.040,55,20
1,0,74.056,99.647,49.297,69.354,55,20
2,0,74.486,99.643,54.807,72.193,55,20
3,0,67.180,99.665,80.119,83.395,55,20
4,0,68.428,99.666,91.433,89.302,55,20
5,0,66.562,99.686,89.052,87.744,55,20
6,0,69.101,99.687,84.214,85.833,55,20
7,0,72.136,99.667,57.245,72.950,55,20
8,0,73.189,99.646,48.411,68.737,55,20
9,0,73.302,99.644,59.410,74.259,55,20
0,0,93.330,99.649,0.000,48.560,60,5
1,0,93.374,99.651,0.000,48.570,60,5
2,0,93.499,99.645,0.000,48.593,60,5
3,0,91.565,99.668,0.000,48.213,60,5
4,0,91.880,99.668,0.000,48.276,60,5
5,0,91.358,99.693,0.000,48.179,60,5
6,0,92.003,99.697,0.000,48.310,60,5
7,0,92.853,99.672,0.000,48.472,60,5
8,0,93.156,99.648,0.000,48.526,60,5
9,0,93.187,99.645,0.000,48.531,60,5
0,0,89.327,99.649,50.494,73.007,60,8
1,0,89.399,99.651,30.035,62.793,60,8
2,0,89.598,99.645,34.352,64.989,60,8
3,0,86.503,99.668,14.812,54.607,60,8
4,0,87.007,99.668,8.029,51.316,60,8
5,0,86.173,99.693,4.412,49.348,60,8
6,0,87.205,99.697,2.550,48.625,60,8
7,0,88.564,99.672,31.327,63.278,60,8
8,0,89.049,99.648,32.555,63.982,60,8
9,0,89.099,99.645,43.969,69.698,60,8
0,0,85.325,99.649,79.991,86.955,60,11
1,0,85.423,99.651,66.377,80.168,60,11
2,0,85.697,99.645,69.479,81.772,60,11
3,0,81.442,99.668,67.404,79.891,60,11
4,0,82.135,99.668,69.638,81.147,60,11
5,0,80.988,99.693,66.271,79.241,60,11
6,0,82.407,99.697,62.188,77.484,60,11
7,0,84.276,99.672,68.728,81.120,60,11
8,0,84.943,99.648,67.192,80.479,60,11
9,0,85.011,99.645,76.311,85.051,60,11
0,0,81.323,99.649,87.673,89.996,60,14
1,0,81.448,99.651,76.047,84.208,60,14
2,0,81.796,99.645,78.063,85.284,60,14
3,0,76.381,99.668,82.102,86.228,60,14
4,0,77.263,99.668,86.125,88.415,60,14
5,0,75.803,99.693,83.728,86.932,60,14
6,0,77.608,99.697,78.911,84.886,60,14
7,0,79.987,99.672,78.939,85.368,60,14
8,0,80.836,99.648,76.384,84.254,60,14
9,0,80.923,99.645,84.784,88.470,60,14
0,0,77.321,99.649,89.899,90.308,60,17
1,0,77.472,99.651,78.763,84.771,60,17
2,0,77.896,99.645,80.357,85.651,60,17
3,0,71.320,99.668,86.488,87.408,60,17
4,0,72.391,99.668,90.934,89.846,60,17
5,0,70.617,99.693,88.737,88.400,60,17
6,0,72.810,99.697,83.888,86.415,60,17
7,0,75.699,99.672,82.145,86.114,60,17
8,0,76.730,99.648,79.097,84.789,60,17
9,0,76.835,99.645,87.166,88.844,60,17
0,0,73.318,99.649,90.478,89.797,60,20
1,0,73.497,99.651,79.274,84.232,60,20
2,0,73.995,99.645,80.982,85.184,60,20
3,0,66.258,99.668,87.784,87.044,60,20
4,0,67.518,99.668,92.217,89.513,60,20
5,0,65.432,99.693,90.471,88.230,60,20
6,0,68.012,99.697,85.542,86.283,60,20
7,0,71.411,99.672,82.758,85.563,60,20
8,0,72.623,99.648,79.663,84.251,60,20
9,0,72.748,99.645,87.901,88.393,60,20
0,0,93.168,99.651,0.000,48.529,65,5
1,0,93.206,99.652,0.000,48.537,65,5
2,0,93.353,99.649,0.000,48.565,65,5
3,0,91.263,99.674,0.000,48.155,65,5
4,0,91.584,99.672,0.000,48.218,65,5
5,0,90.981,99.700,0.000,48.106,65,5
6,0,91.619,99.713,0.000,48.238,65,5
7,0,92.616,99.678,0.000,48.427,65,5
8,0,92.981,99.651,0.000,48.492,65,5
9,0,93.021,99.649,0.000,48.499,65,5
0,0,89.068,99.651,48.156,71.787,65,8
1,0,89.130,99.652,27.534,61.489,65,8
2,0,89.365,99.649,33.444,64.490,65,8
3,0,86.021,99.674,10.863,52.538,65,8
4,0,86.534,99.672,8.865,51.641,65,8
5,0,85.569,99.700,0.000,47.024,65,8
6,0,86.590,99.713,11.203,52.833,65,8
7,0,88.186,99.678,30.911,62.996,65,8
8,0,88.769,99.651,30.193,62.746,65,8
9,0,88.833,99.649,43.470,69.396,65,8
0,0,84.969,99.651,76.765,85.271,65,11
1,0,85.054,99.652,62.466,78.139,65,11
2,0,85.377,99.649,66.446,80.193,65,11
3,0,80.779,99.674,67.122,79.619,65,11
4,0,81.485,99.672,68.810,80.603,65,11
5,0,80.157,99.700,63.012,77.447,65,11
6,0,81.562,99.713,64.229,78.341,65,11
7,0,83.756,99.678,67.392,80.350,65,11
8,0,84.557,99.651,64.238,78.926,65,11
9,0,84.645,99.649,74.242,83.945,65,11
0,0,80.869,99.651,84.881,88.510,65,14
1,0,80.978,99.652,72.087,82.135,65,14
2,0,81.388,99.649,74.819,83.582,65,14
3,0,75.536,99.674,82.145,86.082,65,14
4,0,76.435,99.672,85.436,87.907,65,14
5,0,74.746,99.700,82.498,86.108,65,14
6,0,76.533,99.713,79.219,84.830,65,14
7,0,79.326,99.678,77.940,84.739,65,14
8,0,80.346,99.651,73.156,82.542,65,14
9,0,80.458,99.649,82.728,87.350,65,14
0,0,76.770,99.651,87.110,88.804,65,17
1,0,76.901,99.652,74.481,82.516,65,17
2,0,77.400,99.649,77.431,84.090,65,17
3,0,70.294,99.674,86.891,87.407,65,17
4,0,71.385,99.672,90.244,89.301,65,17
5,0,69.334,99.700,89.113,88.333,65,17
6,0,71.505,99.713,83.966,86.198,65,17
7,0,74.895,99.678,80.594,85.180,65,17
8,0,76.134,99.651,75.532,82.888,65,17
9,0,76.270,99.649,85.070,87.684,65,17
0,0,72.670,99.651,87.718,88.288,65,20
1,0,72.825,99.652,75.264,82.093,65,20
2,0,73.412,99.649,78.025,83.590,65,20
3,0,65.052,99.674,88.335,87.080,65,20
4,0,66.335,99.672,91.811,89.074,65,20
5,0,63.922,99.700,90.827,88.108,65,20
6,0,66.476,99.713,85.305,85.862,65,20
7,0,70.465,99.678,81.354,84.674,65,20
8,0,71.922,99.651,76.378,82.469,65,20
9,0,72.083,99.649,85.757,87.190,65,20
0,0,92.982,99.655,0.000,48.493,70,5
1,0,93.018,99.655,0.000,48.500,70,5
2,0,93.187,99.652,0.000,48.533,70,5
3,0,90.928,99.679,0.000,48.089,70,5
4,0,91.247,99.677,0.000,48.153,70,5
5,0,90.540,99.710,0.000,48.021,70,5
6,0,91.119,99.732,0.000,48.143,70,5
7,0,92.351,99.684,0.000,48.375,70,5
8,0,92.780,99.654,0.000,48.452,70,5
9,0,92.830,99.653,0.000,48.462,70,5
0,0,88.771,99.655,0.000,47.651,70,8
1,0,88.828,99.655,3.480,49.402,70,8
2,0,89.099,99.652,5.505,50.468,70,8
3,0,85.484,99.679,3.359,48.680,70,8
4,0,85.996,99.677,7.999,51.102,70,8
5,0,84.864,99.710,0.000,46.886,70,8
6,0,85.790,99.732,0.000,47.078,70,8
7,0,87.762,99.684,0.000,47.457,70,8
8,0,88.448,99.654,0.000,47.586,70,8
9,0,88.528,99.653,0.000,47.602,70,8
0,0,84.560,99.655,47.930,70.773,70,11
1,0,84.639,99.655,43.789,68.719,70,11
2,0,85.011,99.652,46.223,70.009,70,11
3,0,80.041,99.679,59.601,75.713,70,11
4,0,80.744,99.677,69.412,80.758,70,11
5,0,79.188,99.710,64.822,78.162,70,11
6,0,80.461,99.732,61.774,76.899,70,11
7,0,83.172,99.684,44.467,68.773,70,11
8,0,84.116,99.654,38.240,65.839,70,11
9,0,84.226,99.653,43.909,68.696,70,11
0,0,80.349,99.655,60.361,76.147,70,14
1,0,80.450,99.655,54.546,73.260,70,14
2,0,80.924,99.652,57.461,74.811,70,14
3,0,74.597,99.679,74.946,82.296,70,14
4,0,75.493,99.677,85.408,87.705,70,14
5,0,73.512,99.710,83.112,86.172,70,14
6,0,75.133,99.732,79.336,84.614,70,14
7,0,78.583,99.684,56.776,74.010,70,14
8,0,79.784,99.654,49.179,70.443,70,14
9,0,79.923,99.653,56.504,74.132,70,14
0,0,76.138,99.655,64.032,77.140,70,17
1,0,76.260,99.655,57.321,73.809,70,17
2,0,76.836,99.652,60.121,75.324,70,17
3,0,69.154,99.679,80.231,83.850,70,17
4,0,70.241,99.677,90.202,89.053,70,17
5,0,67.836,99.710,89.260,88.110,70,17
6,0,69.804,99.732,84.782,86.271,70,17
7,0,73.994,99.684,60.044,74.726,70,17
8,0,75.452,99.654,52.154,71.064,70,17
9,0,75.621,99.653,59.629,74.835,70,17
0,0,71.927,99.655,65.016,76.790,70,20
1,0,72.071,99.655,58.150,73.386,70,20
2,0,72.748,99.652,61.002,74.946,70,20
3,0,63.710,99.679,81.534,83.413,70,20
4,0,64.989,99.677,91.815,88.809,70,20
5,0,62.160,99.710,91.021,87.855,70,20
6,0,64.475,99.732,86.432,86.031,70,20
7,0,69.404,99.684,61.351,74.461,70,20
8,0,71.120,99.654,52.991,70.616,70,20
9,0,71.319,99.653,60.691,74.505,70,20
0,0,92.483,99.682,0.000,48.401,75,5
1,0,92.727,99.676,0.000,48.448,75,5
2,0,92.888,99.665,0.000,48.477,75,5
3,0,90.525,99.689,0.000,48.012,75,5
4,0,90.828,99.682,0.000,48.070,75,5
5,0,89.980,99.721,0.000,47.912,75,5
6,0,90.423,99.748,0.000,48.009,75,5
7,0,91.952,99.698,0.000,48.300,75,5
8,0,92.514,99.665,0.000,48.402,75,5
9,0,92.433,99.674,0.000,48.389,75,5
0,0,87.973,99.682,22.757,58.878,75,8
1,0,88.363,99.676,1.732,48.441,75,8
2,0,88.620,99.665,7.469,51.358,75,8
3,0,84.840,99.689,0.000,46.875,75,8
4,0,85.324,99.682,8.158,51.049,75,8
5,0,83.968,99.721,0.000,46.710,75,8
6,0,84.676,99.748,1.958,47.839,75,8
7,0,87.123,99.698,2.502,48.585,75,8
8,0,88.022,99.665,0.000,47.504,75,8
9,0,87.893,99.674,11.737,53.349,75,8
0,0,83.463,99.682,49.388,71.291,75,11
1,0,83.998,99.676,35.164,64.284,75,11
2,0,84.353,99.665,38.955,66.248,75,11
3,0,79.155,99.689,48.990,70.233,75,11
4,0,79.821,99.682,67.992,79.865,75,11
5,0,77.956,99.721,58.815,74.915,75,11
6,0,78.930,99.748,59.662,75.541,75,11
7,0,82.294,99.698,39.246,65.991,75,11
8,0,83.530,99.665,27.797,60.504,75,11
9,0,83.353,99.674,39.624,66.385,75,11
0,0,78.953,99.682,57.022,74.206,75,14
1,0,79.634,99.676,44.744,68.202,75,14
2,0,80.086,99.665,47.766,69.799,75,14
3,0,73.470,99.689,63.647,76.424,75,14
4,0,74.317,99.682,83.498,86.517,75,14
5,0,71.944,99.721,78.802,83.706,75,14
6,0,73.183,99.748,76.053,82.588,75,14
7,0,77.465,99.698,49.635,70.220,75,14
8,0,79.039,99.665,36.136,63.775,75,14
9,0,78.813,99.674,48.108,69.719,75,14
0,0,74.443,99.682,59.296,74.441,75,17
1,0,75.270,99.676,47.056,68.485,75,17
2,0,75.818,99.665,50.323,70.225,75,17
3,0,67.785,99.689,68.786,77.857,75,17
4,0,68.814,99.682,88.604,87.970,75,17
5,0,65.933,99.721,85.661,85.933,75,17
6,0,67.437,99.748,81.351,84.088,75,17
7,0,72.636,99.698,52.454,70.663,75,17
8,0,74.547,99.665,38.681,64.149,75,17
9,0,74.273,99.674,50.168,69.841,75,17
0,0,69.933,99.682,60.007,73.895,75,20
1,0,70.906,99.676,47.927,68.048,75,20
2,0,71.551,99.665,50.874,69.647,75,20
3,0,62.100,99.689,70.306,77.480,75,20
4,0,63.311,99.682,90.260,87.697,75,20
5,0,59.921,99.721,87.186,85.493,75,20
6,0,61.691,99.748,83.045,83.785,75,20
7,0,67.807,99.698,53.384,70.163,75,20
8,0,70.055,99.665,39.467,63.644,75,20
9,0,69.733,99.674,50.957,69.328,75,20
0,0,91.702,99.660,0.000,48.239,80,5
1,0,91.719,99.676,0.000,48.247,80,5
2,0,91.948,99.666,0.000,48.289,80,5
3,0,89.294,99.717,0.000,47.774,80,5
4,0,89.566,99.723,0.000,47.830,80,5
5,0,88.505,99.743,0.000,47.624,80,5
6,0,88.652,99.762,0.000,47.659,80,5
7,0,90.826,99.708,0.000,48.077,80,5
8,0,91.460,99.670,0.000,48.193,80,5
9,0,91.545,99.667,0.000,48.209,80,5
0,0,86.724,99.660,14.674,54.580,80,8
1,0,86.750,99.676,0.000,47.253,80,8
2,0,87.116,99.666,6.909,50.778,80,8
3,0,82.870,99.717,6.576,49.777,80,8
4,0,83.306,99.723,3.887,48.521,80,8
5,0,81.608,99.743,0.000,46.244,80,8
6,0,81.843,99.762,2.642,47.618,80,8
7,0,85.322,99.708,12.577,53.265,80,8
8,0,86.335,99.670,3.903,49.120,80,8
9,0,86.473,99.667,15.248,54.818,80,8
0,0,81.745,99.660,65.934,79.214,80,11
1,0,81.781,99.676,51.398,71.958,80,11
2,0,82.285,99.666,56.365,74.539,80,11
3,0,76.447,99.717,66.291,78.350,80,11
4,0,77.046,99.723,66.547,78.600,80,11
5,0,74.710,99.743,63.964,76.847,80,11
6,0,75.034,99.762,63.220,76.545,80,11
7,0,79.817,99.708,62.449,77.100,80,11
8,0,81.211,99.670,54.572,73.429,80,11
9,0,81.400,99.667,65.011,78.686,80,11
0,0,76.766,99.660,80.782,85.643,80,14
1,0,76.812,99.676,65.968,78.249,80,14
2,0,77.454,99.666,70.522,80.652,80,14
3,0,70.023,99.717,82.735,85.287,80,14
4,0,70.786,99.723,85.498,86.823,80,14
5,0,67.813,99.743,83.145,85.058,80,14
6,0,68.225,99.762,79.642,83.394,80,14
7,0,74.313,99.708,76.331,82.940,80,14
8,0,76.087,99.670,68.431,79.334,80,14
9,0,76.327,99.667,78.927,84.629,80,14
0,0,71.788,99.660,84.659,86.585,80,17
1,0,71.843,99.676,70.245,79.394,80,17
2,0,72.622,99.666,74.353,81.601,80,17
3,0,63.599,99.717,88.073,86.672,80,17
4,0,64.526,99.723,91.140,88.392,80,17
5,0,60.916,99.743,90.076,87.144,80,17
6,0,61.416,99.762,85.588,85.006,80,17
7,0,68.808,99.708,80.467,83.907,80,17
8,0,70.963,99.670,72.627,80.407,80,17
9,0,71.254,99.667,83.215,85.759,80,17
0,0,66.809,99.660,86.013,86.266,80,20
1,0,66.875,99.676,71.345,78.950,80,20
2,0,67.791,99.666,75.400,81.158,80,20
3,0,57.176,99.717,89.681,86.191,80,20
4,0,58.266,99.723,92.809,87.974,80,20
5,0,54.019,99.743,91.830,86.642,80,20
6,0,54.607,99.762,87.158,84.429,80,20
7,0,63.304,99.708,81.897,83.521,80,20
8,0,65.839,99.670,73.577,79.857,80,20
9,0,66.181,99.667,84.256,85.265,80,20
0,0,91.167,99.695,0.000,48.142,85,5
1,0,91.135,99.712,0.000,48.141,85,5
2,0,91.444,99.702,0.000,48.199,85,5
3,0,88.400,99.749,0.000,47.605,85,5
4,0,88.584,99.752,0.000,47.642,85,5
5,0,87.073,99.753,0.000,47.340,85,5
6,0,86.476,99.761,0.000,47.223,85,5
7,0,90.036,99.730,0.000,47.926,85,5
8,0,90.878,99.709,0.000,48.088,85,5
9,0,91.012,99.700,0.000,48.112,85,5
0,0,85.866,99.695,41.335,67.749,85,8
1,0,85.817,99.712,18.697,56.425,85,8
2,0,86.310,99.702,24.005,59.175,85,8
3,0,81.440,99.749,8.424,50.425,85,8
4,0,81.735,99.752,0.253,46.399,85,8
5,0,79.317,99.753,0.000,45.789,85,8
6,0,78.362,99.761,0.000,45.601,85,8
7,0,84.057,99.730,24.033,58.747,85,8
8,0,85.405,99.709,21.457,57.722,85,8
9,0,85.620,99.700,36.457,65.263,85,8
0,0,80.566,99.695,74.753,83.398,85,11
1,0,80.498,99.712,63.032,77.529,85,11
2,0,81.177,99.702,65.152,78.722,85,11
3,0,74.479,99.749,67.347,78.494,85,11
4,0,74.885,99.752,66.973,78.389,85,11
5,0,71.561,99.753,64.629,76.553,85,11
6,0,70.247,99.761,63.050,75.503,85,11
7,0,78.079,99.730,68.106,79.588,85,11
8,0,79.932,99.709,63.635,77.716,85,11
9,0,80.227,99.700,73.618,82.765,85,11
0,0,75.266,99.695,84.830,87.377,85,14
1,0,75.179,99.712,75.087,82.493,85,14
2,0,76.043,99.702,76.831,83.535,85,14
3,0,67.519,99.749,83.047,84.952,85,14
4,0,68.035,99.752,84.914,85.990,85,14
5,0,63.805,99.753,83.035,84.205,85,14
6,0,62.133,99.761,80.246,82.478,85,14
7,0,72.100,99.730,80.154,84.416,85,14
8,0,74.459,99.709,75.994,82.801,85,14
9,0,74.834,99.700,83.193,86.474,85,14
0,0,69.966,99.695,87.686,87.745,85,17
1,0,69.860,99.712,78.590,83.181,85,17
2,0,70.909,99.702,80.210,84.197,85,17
3,0,60.559,99.749,88.759,86.416,85,17
4,0,61.186,99.752,91.537,87.931,85,17
5,0,56.049,99.753,90.463,86.367,85,17
6,0,54.018,99.761,86.785,84.124,85,17
7,0,66.122,99.730,84.192,85.240,85,17
8,0,68.985,99.709,79.298,83.359,85,17
9,0,69.442,99.700,86.441,87.019,85,17
0,0,64.666,99.695,88.733,87.208,85,20
1,0,64.542,99.712,79.706,82.675,85,20
2,0,65.776,99.702,81.332,83.732,85,20
3,0,53.599,99.749,90.399,85.844,85,20
4,0,54.336,99.752,93.349,87.467,85,20
5,0,48.293,99.753,92.599,85.884,85,20
6,0,45.904,99.761,88.532,83.375,85,20
7,0,60.143,99.730,85.273,84.584,85,20
8,0,63.512,99.709,80.466,82.848,85,20
9,0,64.049,99.700,87.442,86.441,85,20
0,0,89.169,99.804,0.000,47.775,90,5
1,0,88.935,99.787,0.000,47.723,90,5
2,0,89.431,99.796,0.000,47.825,90,5
3,0,85.596,99.784,0.000,47.054,90,5
4,0,85.532,99.767,0.000,47.037,90,5
5,0,83.357,99.761,0.000,46.600,90,5
6,0,81.612,99.758,0.000,46.250,90,5
7,0,87.591,99.779,0.000,47.452,90,5
8,0,88.777,99.790,0.000,47.692,90,5
9,0,89.007,99.796,0.000,47.740,90,5
0,0,82.671,99.804,0.000,46.475,90,8
1,0,82.296,99.787,0.000,46.395,90,8
2,0,83.089,99.796,0.000,46.557,90,8
3,0,76.953,99.784,0.000,45.326,90,8
4,0,76.851,99.767,0.000,45.300,90,8
5,0,73.371,99.761,0.000,44.602,90,8
6,0,70.580,99.758,0.000,44.043,90,8
7,0,80.145,99.779,0.000,45.963,90,8
8,0,82.044,99.790,0.000,46.346,90,8
9,0,82.412,99.796,0.000,46.421,90,8
0,0,76.172,99.804,44.714,67.533,90,11
1,0,75.657,99.787,43.738,66.936,90,11
2,0,76.748,99.796,45.792,68.185,90,11
3,0,68.311,99.784,60.172,73.683,90,11
4,0,68.170,99.767,64.183,75.656,90,11
5,0,63.385,99.761,59.305,72.258,90,11
6,0,59.547,99.758,57.066,70.370,90,11
7,0,72.699,99.779,46.752,67.850,90,11
8,0,75.310,99.790,38.644,64.321,90,11
9,0,75.816,99.796,44.684,67.444,90,11
0,0,69.674,99.804,62.606,75.179,90,14
1,0,69.019,99.787,60.978,74.229,90,14
2,0,70.406,99.796,62.280,75.160,90,14
3,0,59.668,99.784,78.921,81.329,90,14
4,0,59.490,99.767,84.221,83.939,90,14
5,0,53.399,99.761,81.540,81.378,90,14
6,0,48.515,99.758,78.628,78.944,90,14
7,0,65.254,99.779,63.771,74.870,90,14
8,0,68.577,99.790,54.961,71.133,90,14
9,0,69.221,99.796,60.570,74.068,90,14
0,0,63.175,99.804,67.996,76.575,90,17
1,0,62.380,99.787,65.953,75.389,90,17
2,0,64.065,99.796,67.451,76.477,90,17
3,0,51.026,99.784,85.551,82.916,90,17
4,0,50.809,99.767,91.401,85.792,90,17
5,0,43.413,99.761,89.934,83.578,90,17
6,0,37.482,99.758,87.365,81.106,90,17
7,0,57.808,99.779,69.622,76.306,90,17
8,0,61.843,99.790,60.346,72.479,90,17
9,0,62.625,99.796,65.749,75.339,90,17
0,0,56.677,99.804,69.625,76.089,90,20
1,0,55.741,99.787,67.794,74.981,90,20
2,0,57.723,99.796,68.897,75.932,90,20
3,0,42.383,99.784,87.122,81.972,90,20
4,0,42.128,99.767,93.369,85.040,90,20
5,0,33.428,99.761,92.379,82.803,90,20
6,0,26.450,99.758,89.507,79.971,90,20
7,0,50.362,99.779,71.097,75.555,90,20
8,0,55.109,99.790,62.005,71.961,90,20
9,0,56.030,99.796,67.239,74.764,90,20
0,0,84.954,99.753,0.000,46.917,95,5
1,0,84.069,99.766,0.000,46.744,95,5
2,0,84.886,99.761,0.000,46.906,95,5
3,0,79.464,99.776,0.000,45.826,95,5
4,0,78.825,99.774,0.000,45.697,95,5
5,0,76.074,99.771,0.000,45.146,95,5
6,0,72.243,99.757,0.000,44.376,95,5
7,0,82.549,99.767,0.000,46.440,95,5
8,0,84.315,99.775,0.000,46.796,95,5
9,0,84.778,99.766,0.000,46.885,95,5
0,0,75.926,99.753,7.361,48.791,95,8
1,0,74.511,99.766,0.000,44.832,95,8
2,0,75.817,99.761,0.000,45.092,95,8
3,0,67.143,99.776,0.000,43.361,95,8
4,0,66.121,99.774,0.000,43.156,95,8
5,0,61.719,99.771,0.000,42.275,95,8
6,0,55.589,99.757,0.000,41.045,95,8
7,0,72.079,99.767,0.000,44.346,95,8
8,0,74.904,99.775,0.000,44.913,95,8
9,0,75.644,99.766,1.097,45.607,95,8
0,0,66.898,99.753,54.045,70.328,95,11
1,0,64.953,99.766,48.130,66.985,95,11
2,0,66.749,99.761,50.505,68.531,95,11
3,0,54.822,99.776,54.121,67.958,95,11
4,0,53.416,99.774,58.393,69.812,95,11
5,0,47.363,99.771,50.705,64.756,95,11
6,0,38.935,99.757,36.251,55.839,95,11
7,0,61.609,99.767,47.323,65.913,95,11
8,0,65.493,99.775,44.985,65.524,95,11
9,0,66.511,99.766,49.208,67.836,95,11
0,0,57.871,99.753,66.826,74.913,95,14
1,0,55.394,99.766,63.136,72.577,95,14
2,0,57.680,99.761,64.585,73.757,95,14
3,0,42.500,99.776,74.933,75.899,95,14
4,0,40.711,99.774,80.979,78.564,95,14
5,0,33.008,99.771,76.639,74.852,95,14
6,0,22.281,99.757,69.189,68.978,95,14
7,0,51.138,99.767,64.504,72.410,95,14
8,0,56.082,99.775,58.740,70.519,95,14
9,0,57.378,99.766,62.736,72.773,95,14
0,0,48.843,99.753,71.598,75.493,95,17
1,0,45.836,99.766,69.472,73.833,95,17
2,0,48.611,99.761,69.890,74.596,95,17
3,0,30.179,99.776,83.403,77.670,95,17
4,0,28.007,99.774,90.571,80.819,95,17
5,0,18.652,99.771,89.039,78.181,95,17
6,0,5.627,99.757,84.455,73.280,95,17
7,0,40.668,99.767,71.132,73.629,95,17
8,0,46.671,99.775,63.885,71.209,95,17
9,0,48.244,99.766,68.082,73.620,95,17
0,0,83.991,99.649,84.038,88.712,60,12
1,0,84.098,99.651,72.078,82.754,60,12
2,0,84.397,99.645,74.210,83.878,60,12
3,0,79.755,99.668,75.364,83.533,60,12
4,0,80.511,99.668,78.930,85.468,60,12
5,0,79.259,99.693,75.636,83.578,60,12
6,0,80.807,99.697,71.327,81.734,60,12
7,0,82.846,99.672,74.094,83.518,60,12
8,0,83.574,99.648,72.350,82.784,60,12
9,0,83.649,99.645,80.946,87.096,60,12
0,0,82.657,99.649,86.395,89.624,60,13
1,0,82.773,99.651,74.400,83.650,60,13
2,0,83.097,99.645,76.539,84.782,60,13
3,0,78.068,99.668,80.185,85.606,60,13
4,0,78.887,99.668,83.900,87.628,60,13
5,0,77.531,99.693,80.588,85.708,60,13
6,0,79.208,99.697,76.789,84.145,60,13
7,0,81.417,99.672,77.660,85.015,60,13
8,0,82.205,99.648,74.960,83.815,60,13
9,0,82.286,99.645,83.670,88.185,60,13
0,0,79.989,99.649,88.612,90.198,60,15
1,0,80.123,99.651,77.257,84.548,60,15
2,0,80.496,99.645,78.951,85.469,60,15
3,0,74.694,99.668,84.020,86.849,60,15
4,0,75.639,99.668,87.961,89.009,60,15
5,0,74.074,99.693,85.976,87.710,60,15
6,0,76.009,99.697,81.310,85.766,60,15
7,0,78.558,99.672,80.535,85.880,60,15
8,0,79.467,99.648,77.598,84.587,60,15
9,0,79.561,99.645,85.927,88.769,60,15
0,0,78.655,99.649,89.312,90.281,60,16
1,0,78.798,99.651,77.910,84.610,60,16
2,0,79.196,99.645,79.794,85.630,60,16
3,0,73.007,99.668,85.369,87.186,60,16
4,0,74.015,99.668,89.533,89.470,60,16
5,0,72.346,99.693,87.821,88.288,60,16
6,0,74.410,99.697,83.192,86.387,60,16
7,0,77.128,99.672,81.238,85.946,60,16
8,0,78.099,99.648,78.489,84.759,60,16
9,0,78.198,99.645,86.902,88.984,60,16
0,0,75.986,99.649,90.287,90.235,60,18
1,0,76.147,99.651,78.929,84.589,60,18
2,0,76.595,99.645,80.643,85.534,60,18
3,0,69.633,99.668,87.467,87.560,60,18
4,0,70.767,99.668,91.531,89.819,60,18
5,0,68.889,99.693,89.765,88.568,60,18
6,0,71.211,99.697,84.859,86.581,60,18
7,0,74.270,99.672,82.560,86.036,60,18
8,0,75.361,99.648,79.421,84.677,60,18
9,0,75.473,99.645,87.688,88.832,60,18
